{
    "url": "https://www.home-in.com.au/",
    "username": "gsactcustomer@yopmail.com",
    "password": "Welcome123",
    "elementwait": 20000,
    "timeout": { "implicit": 1000, "pageLoad": 10000 },
    "browser": "chrome",
    "browserOptions": ["--incognito", "--disable-extensions"],
    "logincredentials" : {
        "managerlogin" : {"username":"","password":""},
        "managerlogin1" : {"username":"","password":""},
        "managerlogin2" : {"username":"","password":""}
    }
}

